Workbook

Sheet README
A1: University Academic Database
A3: Students - one row per student (ID, passport, contacts, login/password, program, status).
A4: Courses - course catalogue: code, title, ECTS credits.
A5: Grades - one row per student per course. Fill in Student ID, Term, Semester, Course Code,
A6: Grade and Final Score. Grey formula columns fill themselves.
A7: Leave Grade empty for a course that is not graded yet (shows as '—').
A8: Grade Scale - letter -> grade points.
A9: GPA Summary - calculated automatically from the Grades sheet.
A11: GPA rule (same as the issued transcript): semester GPA = sum(grade points x ECTS) / ECTS of all
A12: courses in that term; ungraded courses count as 0; capped at 4.00. ECTS earned = credits of graded, non-F courses.
A14: Open index.html (in the same folder) to browse students and print transcripts.
A15: WARNING: this file contains passports and passwords - do not publish it on a public website.

Sheet Students
A1: Student ID | B1: Full Name | C1: Gender | D1: Date of Birth | E1: Passport | F1: Phone | G1: Email | H1: Login | I1: Password | J1: Faculty | K1: Program | L1: Level | M1: Enrollment Date | N1: Status | O1: Transcript Issued Date
A2: m250251 | B2: In'om Norqulov | C2: M | D2: 1998-03-14 | E2: AE5244941 | F2: +998 97 277 77 10 | G2: inorkulov@aut-edu.uz | H2: m250251 | I2: xyKoeyzg! | J2: Faculty of Business | K2: Master of Global Management | L2: Master | M2: Spring 2025 | N2: Active | O2: 2026-08-26
A3: m250268 | B3: Alisher Juraev | C3: M | D3: 2006-05-21 | E3: AC4549272 | F3: +998 96 201 62 16 | G3: ajuraev@university-edu.uz | H3: m250268 | I3: NbJGeX5m@ | J3: Faculty of Computer Science | K3: Bachelor of Software Engineering | L3: Bachelor | M3: Spring 2025 | N3: Active | O3: 2026-09-15
A4: m250269 | B4: Fariza Yunusova | C4: F | D4: 1999-11-02 | E4: AE8727880 | F4: +998 94 553 83 32 | G4: fyunusova@university-edu.uz | H4: m250269 | I4: 0UuHCIZZ$ | J4: Faculty of Business | K4: Master of Business Administration | L4: Master | M4: Spring 2025 | N4: Active | O4: 2026-09-15
A5: m250270 | B5: Sardor Tursunov | C5: M | D5: 1997-07-09 | E5: AD7057261 | F5: +998 91 671 28 95 | G5: stursunov@university-edu.uz | H5: m250270 | I5: 1rIrKO5j! | J5: Faculty of Business | K5: Master of Global Management | L5: Master | M5: Spring 2025 | N5: Active | O5: 2026-09-15
A6: m250271 | B6: Madina Rakhimova | C6: F | D6: 2006-01-30 | E6: AC8440094 | F6: +998 99 882 29 43 | G6: mrakhimova@university-edu.uz | H6: m250271 | I6: GagLBm7j@ | J6: Faculty of Economics & Finance | K6: Bachelor of Finance | L6: Bachelor | M6: Spring 2025 | N6: Active | O6: 2026-09-15
A7: m250272 | B7: Otabek Kalandarov | C7: M | D7: 1998-09-17 | E7: AC5035832 | F7: +998 96 422 96 93 | G7: okalandarov@university-edu.uz | H7: m250272 | I7: LJoa4WwU% | J7: Faculty of Computer Science | K7: Master of Data Science | L7: Master | M7: Spring 2025 | N7: Active | O7: 2026-09-15
A8: m250273 | B8: Zarina Ismoilova | C8: F | D8: 2000-04-25 | E8: AD2905648 | F8: +998 95 337 28 73 | G8: zismoilova@university-edu.uz | H8: m250273 | I8: PlSGOegl# | J8: Faculty of Social Sciences | K8: Master of International Relations | L8: Master | M8: Spring 2025 | N8: Active | O8: 2026-09-15
A9: m250274 | B9: Jamshidbek Mirzayev | C9: M | D9: 2005-12-12 | E9: AD8265047 | F9: +998 94 675 44 95 | G9: jmirzayev@university-edu.uz | H9: m250274 | I9: um5rDO5O! | J9: Faculty of Engineering | K9: Bachelor of Civil Engineering | L9: Bachelor | M9: Spring 2025 | N9: Active | O9: 2026-09-15
A10: m250275 | B10: Nigina Khasanova | C10: F | D10: 2006-08-03 | E10: AC2677622 | F10: +998 98 537 72 79 | G10: nkhasanova@university-edu.uz | H10: m250275 | I10: x5fqhvTx% | J10: Faculty of Arts & Design | K10: Bachelor of Graphic Design | L10: Bachelor | M10: Spring 2025 | N10: Active | O10: 2026-09-15
A11: m250276 | B11: Bekzod Akhmedov | C11: M | D11: 2005-10-19 | E11: AE6106208 | F11: +998 94 772 65 14 | G11: bakhmedov@university-edu.uz | H11: m250276 | I11: k2Ux5IvM# | J11: Faculty of Economics & Finance | K11: Bachelor of Finance | L11: Bachelor | M11: Spring 2025 | N11: Active | O11: 2026-09-15
A12: m250277 | B12: Dilshoda Matyakubova | C12: F | D12: 1999-02-08 | E12: AD5003591 | F12: +998 90 528 77 80 | G12: dmatyakubova@university-edu.uz | H12: m250277 | I12: iyPOTnnc% | J12: Faculty of Social Sciences | K12: Master of International Relations | L12: Master | M12: Spring 2025 | N12: Active | O12: 2026-09-15
A13: m250278 | B13: Javohir Saidov | C13: M | D13: 2006-06-27 | E13: AC1162802 | F13: +998 92 319 29 72 | G13: jsaidov@university-edu.uz | H13: m250278 | I13: W5NL8jgJ! | J13: Faculty of Computer Science | K13: Bachelor of Software Engineering | L13: Bachelor | M13: Spring 2025 | N13: Active | O13: 2026-09-15

Sheet Courses
A1: Course Code | B1: Course Title | C1: ECTS Credits | D1: Program | E1: Semester
A2: TAM 530 | B2: Data Analytics and Digital Transformation in a Global World | C2: 6 | D2: Master of Global Management | E2: 1
A3: TGM 586 | B3: Global Entrepreneurship and Sustainable Business | C3: 6 | D3: Master of Global Management | E3: 1
A4: TAM 557 | B4: Global Marketing in a Digital Age | C4: 6 | D4: Master of Global Management | E4: 1
A5: TAM 542 | B5: Global Leadership and Personal Development | C5: 6 | D5: Master of Global Management | E5: 1
A6: TAM 511 | B6: Global Accounting: Managing with Numbers | C6: 6 | D6: Master of Global Management | E6: 1
A7: IAL 503 | B7: Applied International Leadership | C7: 6 | D7: Master of Global Management | E7: 2
A8: FIN 560 | B8: International Finance | C8: 6 | D8: Master of Global Management | E8: 2
A9: TGM 551 | B9: Global Marketing Strategy | C9: 6 | D9: Master of Global Management | E9: 2
A10: TAM 505 | B10: Navigating Global and Regional Business Environments | C10: 6 | D10: Master of Global Management | E10: 2
A11: TGM 507 | B11: Global Organizational Consulting | C11: 6 | D11: Master of Global Management | E11: 2
A12: TGM 610 | B12: Cross-Cultural Negotiation | C12: 6 | D12: Master of Global Management | E12: 3
A13: TGM 622 | B13: Global Supply Chain Management | C13: 6 | D13: Master of Global Management | E13: 3
... A114: DES 250 | B114: Print Production | C114: 6 | D114: Bachelor of Graphic Design | E114: 3

Sheet Grades
A1: Student ID | B1: Student Name | C1: Term | D1: Semester | E1: Course Code | F1: Course Title | G1: ECTS | H1: Grade | I1: Final Score | J1: Grade Points | K1: Quality Points
A2: m250251 | B2: =IFERROR(VLOOKUP(A2,Students!$A:$B,2,FALSE),"") | C2: Spring 2025 | D2: Semester 1 | E2: TAM 530 | F2: =IFERROR(VLOOKUP(E2,Courses!$A:$C,2,FALSE),"") | G2: =IFERROR(VLOOKUP(E2,Courses!$A:$C,3,FALSE),0) | J2: =IF(H2="","",VLOOKUP(H2,'Grade Scale'!$A:$B,2,FALSE)) | K2: =IF(J2="",0,J2*G2)
A3: m250251 | B3: =IFERROR(VLOOKUP(A3,Students!$A:$B,2,FALSE),"") | C3: Spring 2025 | D3: Semester 1 | E3: TGM 586 | F3: =IFERROR(VLOOKUP(E3,Courses!$A:$C,2,FALSE),"") | G3: =IFERROR(VLOOKUP(E3,Courses!$A:$C,3,FALSE),0) | J3: =IF(H3="","",VLOOKUP(H3,'Grade Scale'!$A:$B,2,FALSE)) | K3: =IF(J3="",0,J3*G3)
A4: m250251 | B4: =IFERROR(VLOOKUP(A4,Students!$A:$B,2,FALSE),"") | C4: Spring 2025 | D4: Semester 1 | E4: TAM 557 | F4: =IFERROR(VLOOKUP(E4,Courses!$A:$C,2,FALSE),"") | G4: =IFERROR(VLOOKUP(E4,Courses!$A:$C,3,FALSE),0) | J4: =IF(H4="","",VLOOKUP(H4,'Grade Scale'!$A:$B,2,FALSE)) | K4: =IF(J4="",0,J4*G4)
A5: m250251 | B5: =IFERROR(VLOOKUP(A5,Students!$A:$B,2,FALSE),"") | C5: Spring 2025 | D5: Semester 1 | E5: TAM 542 | F5: =IFERROR(VLOOKUP(E5,Courses!$A:$C,2,FALSE),"") | G5: =IFERROR(VLOOKUP(E5,Courses!$A:$C,3,FALSE),0) | H5: A+ | I5: 100 | J5: =IF(H5="","",VLOOKUP(H5,'Grade Scale'!$A:$B,2,FALSE)) | K5: =IF(J5="",0,J5*G5)
A6: m250251 | B6: =IFERROR(VLOOKUP(A6,Students!$A:$B,2,FALSE),"") | C6: Spring 2025 | D6: Semester 1 | E6: TAM 511 | F6: =IFERROR(VLOOKUP(E6,Courses!$A:$C,2,FALSE),"") | G6: =IFERROR(VLOOKUP(E6,Courses!$A:$C,3,FALSE),0) | J6: =IF(H6="","",VLOOKUP(H6,'Grade Scale'!$A:$B,2,FALSE)) | K6: =IF(J6="",0,J6*G6)
A7: m250251 | B7: =IFERROR(VLOOKUP(A7,Students!$A:$B,2,FALSE),"") | C7: Fall 2025 | D7: Semester 2 | E7: IAL 503 | F7: =IFERROR(VLOOKUP(E7,Courses!$A:$C,2,FALSE),"") | G7: =IFERROR(VLOOKUP(E7,Courses!$A:$C,3,FALSE),0) | H7: B- | I7: 82 | J7: =IF(H7="","",VLOOKUP(H7,'Grade Scale'!$A:$B,2,FALSE)) | K7: =IF(J7="",0,J7*G7)
A8: m250251 | B8: =IFERROR(VLOOKUP(A8,Students!$A:$B,2,FALSE),"") | C8: Fall 2025 | D8: Semester 2 | E8: FIN 560 | F8: =IFERROR(VLOOKUP(E8,Courses!$A:$C,2,FALSE),"") | G8: =IFERROR(VLOOKUP(E8,Courses!$A:$C,3,FALSE),0) | H8: B | I8: 53 | J8: =IF(H8="","",VLOOKUP(H8,'Grade Scale'!$A:$B,2,FALSE)) | K8: =IF(J8="",0,J8*G8)
A9: m250251 | B9: =IFERROR(VLOOKUP(A9,Students!$A:$B,2,FALSE),"") | C9: Fall 2025 | D9: Semester 2 | E9: TGM 551 | F9: =IFERROR(VLOOKUP(E9,Courses!$A:$C,2,FALSE),"") | G9: =IFERROR(VLOOKUP(E9,Courses!$A:$C,3,FALSE),0) | H9: C | I9: 74 | J9: =IF(H9="","",VLOOKUP(H9,'Grade Scale'!$A:$B,2,FALSE)) | K9: =IF(J9="",0,J9*G9)
A10: m250251 | B10: =IFERROR(VLOOKUP(A10,Students!$A:$B,2,FALSE),"") | C10: Fall 2025 | D10: Semester 2 | E10: TAM 505 | F10: =IFERROR(VLOOKUP(E10,Courses!$A:$C,2,FALSE),"") | G10: =IFERROR(VLOOKUP(E10,Courses!$A:$C,3,FALSE),0) | J10: =IF(H10="","",VLOOKUP(H10,'Grade Scale'!$A:$B,2,FALSE)) | K10: =IF(J10="",0,J10*G10)
A11: m250251 | B11: =IFERROR(VLOOKUP(A11,Students!$A:$B,2,FALSE),"") | C11: Fall 2025 | D11: Semester 2 | E11: TGM 507 | F11: =IFERROR(VLOOKUP(E11,Courses!$A:$C,2,FALSE),"") | G11: =IFERROR(VLOOKUP(E11,Courses!$A:$C,3,FALSE),0) | H11: B+ | I11: 87 | J11: =IF(H11="","",VLOOKUP(H11,'Grade Scale'!$A:$B,2,FALSE)) | K11: =IF(J11="",0,J11*G11)
A12: m250268 | B12: =IFERROR(VLOOKUP(A12,Students!$A:$B,2,FALSE),"") | C12: Spring 2025 | D12: Semester 1 | E12: CSE 101 | F12: =IFERROR(VLOOKUP(E12,Courses!$A:$C,2,FALSE),"") | G12: =IFERROR(VLOOKUP(E12,Courses!$A:$C,3,FALSE),0) | H12: A | I12: 93 | J12: =IF(H12="","",VLOOKUP(H12,'Grade Scale'!$A:$B,2,FALSE)) | K12: =IF(J12="",0,J12*G12)
A13: m250268 | B13: =IFERROR(VLOOKUP(A13,Students!$A:$B,2,FALSE),"") | C13: Spring 2025 | D13: Semester 1 | E13: MTH 110 | F13: =IFERROR(VLOOKUP(E13,Courses!$A:$C,2,FALSE),"") | G13: =IFERROR(VLOOKUP(E13,Courses!$A:$C,3,FALSE),0) | H13: A- | I13: 90 | J13: =IF(H13="","",VLOOKUP(H13,'Grade Scale'!$A:$B,2,FALSE)) | K13: =IF(J13="",0,J13*G13)
A14: m250268 | B14: =IFERROR(VLOOKUP(A14,Students!$A:$B,2,FALSE),"") | C14: Spring 2025 | D14: Semester 1 | E14: CSE 120 | F14: =IFERROR(VLOOKUP(E14,Courses!$A:$C,2,FALSE),"") | G14: =IFERROR(VLOOKUP(E14,Courses!$A:$C,3,FALSE),0) | H14: A- | I14: 91 | J14: =IF(H14="","",VLOOKUP(H14,'Grade Scale'!$A:$B,2,FALSE)) | K14: =IF(J14="",0,J14*G14)
A15: m250268 | B15: =IFERROR(VLOOKUP(A15,Students!$A:$B,2,FALSE),"") | C15: Spring 2025 | D15: Semester 1 | E15: ENG 101 | F15: =IFERROR(VLOOKUP(E15,Courses!$A:$C,2,FALSE),"") | G15: =IFERROR(VLOOKUP(E15,Courses!$A:$C,3,FALSE),0) | H15: B- | I15: 80 | J15: =IF(H15="","",VLOOKUP(H15,'Grade Scale'!$A:$B,2,FALSE)) | K15: =IF(J15="",0,J15*G15)
A16: m250268 | B16: =IFERROR(VLOOKUP(A16,Students!$A:$B,2,FALSE),"") | C16: Spring 2025 | D16: Semester 1 | E16: MTH 120 | F16: =IFERROR(VLOOKUP(E16,Courses!$A:$C,2,FALSE),"") | G16: =IFERROR(VLOOKUP(E16,Courses!$A:$C,3,FALSE),0) | H16: B | I16: 85 | J16: =IF(H16="","",VLOOKUP(H16,'Grade Scale'!$A:$B,2,FALSE)) | K16: =IF(J16="",0,J16*G16)
A17: m250268 | B17: =IFERROR(VLOOKUP(A17,Students!$A:$B,2,FALSE),"") | C17: Fall 2025 | D17: Semester 2 | E17: CSE 150 | F17: =IFERROR(VLOOKUP(E17,Courses!$A:$C,2,FALSE),"") | G17: =IFERROR(VLOOKUP(E17,Courses!$A:$C,3,FALSE),0) | H17: A- | I17: 92 | J17: =IF(H17="","",VLOOKUP(H17,'Grade Scale'!$A:$B,2,FALSE)) | K17: =IF(J17="",0,J17*G17)
A18: m250268 | B18: =IFERROR(VLOOKUP(A18,Students!$A:$B,2,FALSE),"") | C18: Fall 2025 | D18: Semester 2 | E18: CSE 160 | F18: =IFERROR(VLOOKUP(E18,Courses!$A:$C,2,FALSE),"") | G18: =IFERROR(VLOOKUP(E18,Courses!$A:$C,3,FALSE),0) | H18: B+ | I18: 88 | J18: =IF(H18="","",VLOOKUP(H18,'Grade Scale'!$A:$B,2,FALSE)) | K18: =IF(J18="",0,J18*G18)
A19: m250268 | B19: =IFERROR(VLOOKUP(A19,Students!$A:$B,2,FALSE),"") | C19: Fall 2025 | D19: Semester 2 | E19: CSE 170 | F19: =IFERROR(VLOOKUP(E19,Courses!$A:$C,2,FALSE),"") | G19: =IFERROR(VLOOKUP(E19,Courses!$A:$C,3,FALSE),0) | H19: B+ | I19: 89 | J19: =IF(H19="","",VLOOKUP(H19,'Grade Scale'!$A:$B,2,FALSE)) | K19: =IF(J19="",0,J19*G19)
A20: m250268 | B20: =IFERROR(VLOOKUP(A20,Students!$A:$B,2,FALSE),"") | C20: Fall 2025 | D20: Semester 2 | E20: ENG 102 | F20: =IFERROR(VLOOKUP(E20,Courses!$A:$C,2,FALSE),"") | G20: =IFERROR(VLOOKUP(E20,Courses!$A:$C,3,FALSE),0) | H20: A- | I20: 92 | J20: =IF(H20="","",VLOOKUP(H20,'Grade Scale'!$A:$B,2,FALSE)) | K20: =IF(J20="",0,J20*G20)
A21: m250268 | B21: =IFERROR(VLOOKUP(A21,Students!$A:$B,2,FALSE),"") | C21: Fall 2025 | D21: Semester 2 | E21: MTH 130 | F21: =IFERROR(VLOOKUP(E21,Courses!$A:$C,2,FALSE),"") | G21: =IFERROR(VLOOKUP(E21,Courses!$A:$C,3,FALSE),0) | H21: A- | I21: 91 | J21: =IF(H21="","",VLOOKUP(H21,'Grade Scale'!$A:$B,2,FALSE)) | K21: =IF(J21="",0,J21*G21)
A22: m250268 | B22: =IFERROR(VLOOKUP(A22,Students!$A:$B,2,FALSE),"") | C22: Spring 2026 | D22: Semester 3 | E22: CSE 210 | F22: =IFERROR(VLOOKUP(E22,Courses!$A:$C,2,FALSE),"") | G22: =IFERROR(VLOOKUP(E22,Courses!$A:$C,3,FALSE),0) | H22: A | I22: 94 | J22: =IF(H22="","",VLOOKUP(H22,'Grade Scale'!$A:$B,2,FALSE)) | K22: =IF(J22="",0,J22*G22)
... A176: m250278 | B176: =IFERROR(VLOOKUP(A176,Students!$A:$B,2,FALSE),"") | C176: Spring 2026 | D176: Semester 3 | E176: STA 201 | F176: =IFERROR(VLOOKUP(E176,Courses!$A:$C,2,FALSE),"") | G176: =IFERROR(VLOOKUP(E176,Courses!$A:$C,3,FALSE),0) | H176: C+ | I176: 79 | J176: =IF(H176="","",VLOOKUP(H176,'Grade Scale'!$A:$B,2,FALSE)) | K176: =IF(J176="",0,J176*G176)

Sheet Grade Scale
A1: Letter | B1: Grade Points | C1: Min Score | D1: Max Score
A2: A+ | B2: 4.33 | C2: 97 | D2: 100
A3: A | B3: 4 | C3: 93 | D3: 96
A4: A- | B4: 3.67 | C4: 90 | D4: 92
A5: B+ | B5: 3.33 | C5: 87 | D5: 89
A6: B | B6: 3 | C6: 83 | D6: 86
A7: B- | B7: 2.67 | C7: 80 | D7: 82
A8: C+ | B8: 2.33 | C8: 77 | D8: 79
A9: C | B9: 2 | C9: 73 | D9: 76
A10: C- | B10: 1.67 | C10: 70 | D10: 72
A11: D | B11: 1 | C11: 60 | D11: 69
A12: F | B12: 0 | C12: 0 | D12: 59

Sheet GPA Summary
A1: Student ID | B1: Student Name | C1: Program | D1: Spring 2025 GPA | E1: Fall 2025 GPA | F1: Spring 2026 GPA | G1: Cumulative GPA | H1: ECTS Earned
A2: m250251 | B2: =VLOOKUP(A2,Students!$A:$B,2,FALSE) | C2: =VLOOKUP(A2,Students!$A:$K,11,FALSE) | D2: =IFERROR(MIN(4,ROUND(SUMIFS(Grades!$K:$K,Grades!$A:$A,$A2,Grades!$C:$C,"Spring 2025")/SUMIFS(Grades!$G:$G,Grades!$A:$A,$A2,Grades!$C:$C,"Spring 2025"),2)),"") | E2: =IFERROR(MIN(4,ROUND(SUMIFS(Grades!$K:$K,Grades!$A:$A,$A2,Grades!$C:$C,"Fall 2025")/SUMIFS(Grades!$G:$G,Grades!$A:$A,$A2,Grades!$C:$C,"Fall 2025"),2)),"") | F2: =IFERROR(MIN(4,ROUND(SUMIFS(Grades!$K:$K,Grades!$A:$A,$A2,Grades!$C:$C,"Spring 2026")/SUMIFS(Grades!$G:$G,Grades!$A:$A,$A2,Grades!$C:$C,"Spring 2026"),2)),"") | G2: =IFERROR(MIN(4,ROUND(SUMIFS(Grades!$K:$K,Grades!$A:$A,$A2)/SUMIFS(Grades!$G:$G,Grades!$A:$A,$A2),2)),"") | H2: =SUMIFS(Grades!$G:$G,Grades!$A:$A,$A2,Grades!$H:$H,"<>",Grades!$H:$H,"<>F")
A3: m250268 | B3: =VLOOKUP(A3,Students!$A:$B,2,FALSE) | C3: =VLOOKUP(A3,Students!$A:$K,11,FALSE) | D3: =IFERROR(MIN(4,ROUND(SUMIFS(Grades!$K:$K,Grades!$A:$A,$A3,Grades!$C:$C,"Spring 2025")/SUMIFS(Grades!$G:$G,Grades!$A:$A,$A3,Grades!$C:$C,"Spring 2025"),2)),"") | E3: =IFERROR(MIN(4,ROUND(SUMIFS(Grades!$K:$K,Grades!$A:$A,$A3,Grades!$C:$C,"Fall 2025")/SUMIFS(Grades!$G:$G,Grades!$A:$A,$A3,Grades!$C:$C,"Fall 2025"),2)),"") | F3: =IFERROR(MIN(4,ROUND(SUMIFS(Grades!$K:$K,Grades!$A:$A,$A3,Grades!$C:$C,"Spring 2026")/SUMIFS(Grades!$G:$G,Grades!$A:$A,$A3,Grades!$C:$C,"Spring 2026"),2)),"") | G3: =IFERROR(MIN(4,ROUND(SUMIFS(Grades!$K:$K,Grades!$A:$A,$A3)/SUMIFS(Grades!$G:$G,Grades!$A:$A,$A3),2)),"") | H3: =SUMIFS(Grades!$G:$G,Grades!$A:$A,$A3,Grades!$H:$H,"<>",Grades!$H:$H,"<>F")
A4: m250269 | B4: =VLOOKUP(A4,Students!$A:$B,2,FALSE) | C4: =VLOOKUP(A4,Students!$A:$K,11,FALSE) | D4: =IFERROR(MIN(4,ROUND(SUMIFS(Grades!$K:$K,Grades!$A:$A,$A4,Grades!$C:$C,"Spring 2025")/SUMIFS(Grades!$G:$G,Grades!$A:$A,$A4,Grades!$C:$C,"Spring 2025"),2)),"") | E4: =IFERROR(MIN(4,ROUND(SUMIFS(Grades!$K:$K,Grades!$A:$A,$A4,Grades!$C:$C,"Fall 2025")/SUMIFS(Grades!$G:$G,Grades!$A:$A,$A4,Grades!$C:$C,"Fall 2025"),2)),"") | F4: =IFERROR(MIN(4,ROUND(SUMIFS(Grades!$K:$K,Grades!$A:$A,$A4,Grades!$C:$C,"Spring 2026")/SUMIFS(Grades!$G:$G,Grades!$A:$A,$A4,Grades!$C:$C,"Spring 2026"),2)),"") | G4: =IFERROR(MIN(4,ROUND(SUMIFS(Grades!$K:$K,Grades!$A:$A,$A4)/SUMIFS(Grades!$G:$G,Grades!$A:$A,$A4),2)),"") | H4: =SUMIFS(Grades!$G:$G,Grades!$A:$A,$A4,Grades!$H:$H,"<>",Grades!$H:$H,"<>F")
A5: m250270 | B5: =VLOOKUP(A5,Students!$A:$B,2,FALSE) | C5: =VLOOKUP(A5,Students!$A:$K,11,FALSE) | D5: =IFERROR(MIN(4,ROUND(SUMIFS(Grades!$K:$K,Grades!$A:$A,$A5,Grades!$C:$C,"Spring 2025")/SUMIFS(Grades!$G:$G,Grades!$A:$A,$A5,Grades!$C:$C,"Spring 2025"),2)),"") | E5: =IFERROR(MIN(4,ROUND(SUMIFS(Grades!$K:$K,Grades!$A:$A,$A5,Grades!$C:$C,"Fall 2025")/SUMIFS(Grades!$G:$G,Grades!$A:$A,$A5,Grades!$C:$C,"Fall 2025"),2)),"") | F5: =IFERROR(MIN(4,ROUND(SUMIFS(Grades!$K:$K,Grades!$A:$A,$A5,Grades!$C:$C,"Spring 2026")/SUMIFS(Grades!$G:$G,Grades!$A:$A,$A5,Grades!$C:$C,"Spring 2026"),2)),"") | G5: =IFERROR(MIN(4,ROUND(SUMIFS(Grades!$K:$K,Grades!$A:$A,$A5)/SUMIFS(Grades!$G:$G,Grades!$A:$A,$A5),2)),"") | H5: =SUMIFS(Grades!$G:$G,Grades!$A:$A,$A5,Grades!$H:$H,"<>",Grades!$H:$H,"<>F")
A6: m250271 | B6: =VLOOKUP(A6,Students!$A:$B,2,FALSE) | C6: =VLOOKUP(A6,Students!$A:$K,11,FALSE) | D6: =IFERROR(MIN(4,ROUND(SUMIFS(Grades!$K:$K,Grades!$A:$A,$A6,Grades!$C:$C,"Spring 2025")/SUMIFS(Grades!$G:$G,Grades!$A:$A,$A6,Grades!$C:$C,"Spring 2025"),2)),"") | E6: =IFERROR(MIN(4,ROUND(SUMIFS(Grades!$K:$K,Grades!$A:$A,$A6,Grades!$C:$C,"Fall 2025")/SUMIFS(Grades!$G:$G,Grades!$A:$A,$A6,Grades!$C:$C,"Fall 2025"),2)),"") | F6: =IFERROR(MIN(4,ROUND(SUMIFS(Grades!$K:$K,Grades!$A:$A,$A6,Grades!$C:$C,"Spring 2026")/SUMIFS(Grades!$G:$G,Grades!$A:$A,$A6,Grades!$C:$C,"Spring 2026"),2)),"") | G6: =IFERROR(MIN(4,ROUND(SUMIFS(Grades!$K:$K,Grades!$A:$A,$A6)/SUMIFS(Grades!$G:$G,Grades!$A:$A,$A6),2)),"") | H6: =SUMIFS(Grades!$G:$G,Grades!$A:$A,$A6,Grades!$H:$H,"<>",Grades!$H:$H,"<>F")
A7: m250272 | B7: =VLOOKUP(A7,Students!$A:$B,2,FALSE) | C7: =VLOOKUP(A7,Students!$A:$K,11,FALSE) | D7: =IFERROR(MIN(4,ROUND(SUMIFS(Grades!$K:$K,Grades!$A:$A,$A7,Grades!$C:$C,"Spring 2025")/SUMIFS(Grades!$G:$G,Grades!$A:$A,$A7,Grades!$C:$C,"Spring 2025"),2)),"") | E7: =IFERROR(MIN(4,ROUND(SUMIFS(Grades!$K:$K,Grades!$A:$A,$A7,Grades!$C:$C,"Fall 2025")/SUMIFS(Grades!$G:$G,Grades!$A:$A,$A7,Grades!$C:$C,"Fall 2025"),2)),"") | F7: =IFERROR(MIN(4,ROUND(SUMIFS(Grades!$K:$K,Grades!$A:$A,$A7,Grades!$C:$C,"Spring 2026")/SUMIFS(Grades!$G:$G,Grades!$A:$A,$A7,Grades!$C:$C,"Spring 2026"),2)),"") | G7: =IFERROR(MIN(4,ROUND(SUMIFS(Grades!$K:$K,Grades!$A:$A,$A7)/SUMIFS(Grades!$G:$G,Grades!$A:$A,$A7),2)),"") | H7: =SUMIFS(Grades!$G:$G,Grades!$A:$A,$A7,Grades!$H:$H,"<>",Grades!$H:$H,"<>F")
A8: m250273 | B8: =VLOOKUP(A8,Students!$A:$B,2,FALSE) | C8: =VLOOKUP(A8,Students!$A:$K,11,FALSE) | D8: =IFERROR(MIN(4,ROUND(SUMIFS(Grades!$K:$K,Grades!$A:$A,$A8,Grades!$C:$C,"Spring 2025")/SUMIFS(Grades!$G:$G,Grades!$A:$A,$A8,Grades!$C:$C,"Spring 2025"),2)),"") | E8: =IFERROR(MIN(4,ROUND(SUMIFS(Grades!$K:$K,Grades!$A:$A,$A8,Grades!$C:$C,"Fall 2025")/SUMIFS(Grades!$G:$G,Grades!$A:$A,$A8,Grades!$C:$C,"Fall 2025"),2)),"") | F8: =IFERROR(MIN(4,ROUND(SUMIFS(Grades!$K:$K,Grades!$A:$A,$A8,Grades!$C:$C,"Spring 2026")/SUMIFS(Grades!$G:$G,Grades!$A:$A,$A8,Grades!$C:$C,"Spring 2026"),2)),"") | G8: =IFERROR(MIN(4,ROUND(SUMIFS(Grades!$K:$K,Grades!$A:$A,$A8)/SUMIFS(Grades!$G:$G,Grades!$A:$A,$A8),2)),"") | H8: =SUMIFS(Grades!$G:$G,Grades!$A:$A,$A8,Grades!$H:$H,"<>",Grades!$H:$H,"<>F")
A9: m250274 | B9: =VLOOKUP(A9,Students!$A:$B,2,FALSE) | C9: =VLOOKUP(A9,Students!$A:$K,11,FALSE) | D9: =IFERROR(MIN(4,ROUND(SUMIFS(Grades!$K:$K,Grades!$A:$A,$A9,Grades!$C:$C,"Spring 2025")/SUMIFS(Grades!$G:$G,Grades!$A:$A,$A9,Grades!$C:$C,"Spring 2025"),2)),"") | E9: =IFERROR(MIN(4,ROUND(SUMIFS(Grades!$K:$K,Grades!$A:$A,$A9,Grades!$C:$C,"Fall 2025")/SUMIFS(Grades!$G:$G,Grades!$A:$A,$A9,Grades!$C:$C,"Fall 2025"),2)),"") | F9: =IFERROR(MIN(4,ROUND(SUMIFS(Grades!$K:$K,Grades!$A:$A,$A9,Grades!$C:$C,"Spring 2026")/SUMIFS(Grades!$G:$G,Grades!$A:$A,$A9,Grades!$C:$C,"Spring 2026"),2)),"") | G9: =IFERROR(MIN(4,ROUND(SUMIFS(Grades!$K:$K,Grades!$A:$A,$A9)/SUMIFS(Grades!$G:$G,Grades!$A:$A,$A9),2)),"") | H9: =SUMIFS(Grades!$G:$G,Grades!$A:$A,$A9,Grades!$H:$H,"<>",Grades!$H:$H,"<>F")
A10: m250275 | B10: =VLOOKUP(A10,Students!$A:$B,2,FALSE) | C10: =VLOOKUP(A10,Students!$A:$K,11,FALSE) | D10: =IFERROR(MIN(4,ROUND(SUMIFS(Grades!$K:$K,Grades!$A:$A,$A10,Grades!$C:$C,"Spring 2025")/SUMIFS(Grades!$G:$G,Grades!$A:$A,$A10,Grades!$C:$C,"Spring 2025"),2)),"") | E10: =IFERROR(MIN(4,ROUND(SUMIFS(Grades!$K:$K,Grades!$A:$A,$A10,Grades!$C:$C,"Fall 2025")/SUMIFS(Grades!$G:$G,Grades!$A:$A,$A10,Grades!$C:$C,"Fall 2025"),2)),"") | F10: =IFERROR(MIN(4,ROUND(SUMIFS(Grades!$K:$K,Grades!$A:$A,$A10,Grades!$C:$C,"Spring 2026")/SUMIFS(Grades!$G:$G,Grades!$A:$A,$A10,Grades!$C:$C,"Spring 2026"),2)),"") | G10: =IFERROR(MIN(4,ROUND(SUMIFS(Grades!$K:$K,Grades!$A:$A,$A10)/SUMIFS(Grades!$G:$G,Grades!$A:$A,$A10),2)),"") | H10: =SUMIFS(Grades!$G:$G,Grades!$A:$A,$A10,Grades!$H:$H,"<>",Grades!$H:$H,"<>F")
A11: m250276 | B11: =VLOOKUP(A11,Students!$A:$B,2,FALSE) | C11: =VLOOKUP(A11,Students!$A:$K,11,FALSE) | D11: =IFERROR(MIN(4,ROUND(SUMIFS(Grades!$K:$K,Grades!$A:$A,$A11,Grades!$C:$C,"Spring 2025")/SUMIFS(Grades!$G:$G,Grades!$A:$A,$A11,Grades!$C:$C,"Spring 2025"),2)),"") | E11: =IFERROR(MIN(4,ROUND(SUMIFS(Grades!$K:$K,Grades!$A:$A,$A11,Grades!$C:$C,"Fall 2025")/SUMIFS(Grades!$G:$G,Grades!$A:$A,$A11,Grades!$C:$C,"Fall 2025"),2)),"") | F11: =IFERROR(MIN(4,ROUND(SUMIFS(Grades!$K:$K,Grades!$A:$A,$A11,Grades!$C:$C,"Spring 2026")/SUMIFS(Grades!$G:$G,Grades!$A:$A,$A11,Grades!$C:$C,"Spring 2026"),2)),"") | G11: =IFERROR(MIN(4,ROUND(SUMIFS(Grades!$K:$K,Grades!$A:$A,$A11)/SUMIFS(Grades!$G:$G,Grades!$A:$A,$A11),2)),"") | H11: =SUMIFS(Grades!$G:$G,Grades!$A:$A,$A11,Grades!$H:$H,"<>",Grades!$H:$H,"<>F")
A12: m250277 | B12: =VLOOKUP(A12,Students!$A:$B,2,FALSE) | C12: =VLOOKUP(A12,Students!$A:$K,11,FALSE) | D12: =IFERROR(MIN(4,ROUND(SUMIFS(Grades!$K:$K,Grades!$A:$A,$A12,Grades!$C:$C,"Spring 2025")/SUMIFS(Grades!$G:$G,Grades!$A:$A,$A12,Grades!$C:$C,"Spring 2025"),2)),"") | E12: =IFERROR(MIN(4,ROUND(SUMIFS(Grades!$K:$K,Grades!$A:$A,$A12,Grades!$C:$C,"Fall 2025")/SUMIFS(Grades!$G:$G,Grades!$A:$A,$A12,Grades!$C:$C,"Fall 2025"),2)),"") | F12: =IFERROR(MIN(4,ROUND(SUMIFS(Grades!$K:$K,Grades!$A:$A,$A12,Grades!$C:$C,"Spring 2026")/SUMIFS(Grades!$G:$G,Grades!$A:$A,$A12,Grades!$C:$C,"Spring 2026"),2)),"") | G12: =IFERROR(MIN(4,ROUND(SUMIFS(Grades!$K:$K,Grades!$A:$A,$A12)/SUMIFS(Grades!$G:$G,Grades!$A:$A,$A12),2)),"") | H12: =SUMIFS(Grades!$G:$G,Grades!$A:$A,$A12,Grades!$H:$H,"<>",Grades!$H:$H,"<>F")
A13: m250278 | B13: =VLOOKUP(A13,Students!$A:$B,2,FALSE) | C13: =VLOOKUP(A13,Students!$A:$K,11,FALSE) | D13: =IFERROR(MIN(4,ROUND(SUMIFS(Grades!$K:$K,Grades!$A:$A,$A13,Grades!$C:$C,"Spring 2025")/SUMIFS(Grades!$G:$G,Grades!$A:$A,$A13,Grades!$C:$C,"Spring 2025"),2)),"") | E13: =IFERROR(MIN(4,ROUND(SUMIFS(Grades!$K:$K,Grades!$A:$A,$A13,Grades!$C:$C,"Fall 2025")/SUMIFS(Grades!$G:$G,Grades!$A:$A,$A13,Grades!$C:$C,"Fall 2025"),2)),"") | F13: =IFERROR(MIN(4,ROUND(SUMIFS(Grades!$K:$K,Grades!$A:$A,$A13,Grades!$C:$C,"Spring 2026")/SUMIFS(Grades!$G:$G,Grades!$A:$A,$A13,Grades!$C:$C,"Spring 2026"),2)),"") | G13: =IFERROR(MIN(4,ROUND(SUMIFS(Grades!$K:$K,Grades!$A:$A,$A13)/SUMIFS(Grades!$G:$G,Grades!$A:$A,$A13),2)),"") | H13: =SUMIFS(Grades!$G:$G,Grades!$A:$A,$A13,Grades!$H:$H,"<>",Grades!$H:$H,"<>F")
